pos_i	aa_i	pos_j	aa_j	apc	d_cbeta	rsa_i	rsa_j
45	Y	64	M	1.748	18.8	0.29	0.16
40	F	67	M	1.667	24.5	0.14	0.00
42	T	60	T	1.427	20.5	0.05	0.67
5	Q	14	L	1.325	16.5	0.10	0.49
41	P	59	E	1.170	16.0	0.63	0.21
22	N	30	T	1.167	22.1	0.36	0.00
30	T	56	S	1.155	19.6	0.00	0.32
45	Y	59	E	1.060	16.0	0.29	0.21
40	F	48	H	1.053	18.5	0.14	0.05
8	R	56	S	1.011	17.7	0.55	0.32
27	V	32	P	1.010	16.0	0.00	0.07
112	K	121	S	0.982	15.6	0.50	0.00
25	P	64	M	0.966	25.2	0.01	0.16
60	T	84	A	0.876	23.4	0.67	0.00
11	R	20	C	0.860	21.3	0.47	0.04
110	R	124	K	0.859	19.9	0.49	0.36
