group	drug	gene	aa_change	spdi	effect	lineage	fixation_in_lineage_pct	concentration_pct	n_carriers	freq_overall_pct	catalogue
PMD	pretomanid	ddn	p.D113N	NC_000962.3:3987179:G:A	missense	L5	99.6	99.1	447	0.3612	delamanid:uncertain
PMD	pretomanid	fgd1	p.K296E	NC_000962.3:491667:A:G	missense	L6	98.1	99.7	1161	0.8906	clofazimine:uncertain;delamanid:uncertain
PMD	pretomanid	ddn	p.L90V	NC_000962.3:3987110:C:G	missense	BOV_AFRI	51.0	100.0	52	0.0392	-
PMD	pretomanid	fgd1	p.K270M	NC_000962.3:491590:A:T	missense	L4	22.4	100.0	10393	7.9437	clofazimine:S-associated;delamanid:uncertain
PMD	pretomanid	fbiB	p.G19E	NC_000962.3:3641589:G:A	missense	BOV	16.0	99.8	1111	0.8378	delamanid:uncertain
PMD	pretomanid	fgd1	p.R64S	NC_000962.3:490971:C:A	missense	L1	11.6	100.0	1174	0.8876	clofazimine:uncertain;delamanid:uncertain
PMD	pretomanid	fbiB	p.V335A	NC_000962.3:3642537:T:C	missense	BOV_AFRI	9.8	90.9	11	0.0083	-
PMD	pretomanid	fbiB	p.D315A	NC_000962.3:3642477:A:C	missense	BOV	9.7	99.6	673	0.512	clofazimine:uncertain;delamanid:uncertain
PMD	pretomanid	fbiB	p.K448R	NC_000962.3:3642876:A:G	missense	L3	7.5	100.0	680	0.5158	clofazimine:uncertain;delamanid:uncertain
PMD	pretomanid	fbiD	p.I13L	NC_000962.3:3339153:A:C	missense	BOV	7.1	99.8	496	0.3748	clofazimine:uncertain;delamanid:uncertain
PMD	pretomanid	fbiC	p.A497V	NC_000962.3:1304419:C:T	missense	BOV	6.9	100.0	481	0.3627	-
