position	class	gene	pos	n_carriers	n_dated	n_major_lineages	n_sublineages	major_lineages	year_min	year_med	year_max	n_pre2014	n_2014_2021	n_post2022	recency_vs_bg_p	rifR_co_n	rifR_co_pct	top_countries	per_major_subspread	note
fgd1:210	convergent_novel	fgd1	210	9	6	4	6	L2:3,L4:3,L1:2,L3:1	2015	2016.5	2019	0	6	0	1.73e-01	2	22	China:3,Mozambique:2,Australia:1	L3(n1,sub1,2019-2019) | L2(n3,sub1,2016-2017) | L1(n2,sub2,None-None) | L4(n3,sub2,2015-2015)	1re couronne F420 7.8A enfoui; ESM A210E -8.4; hors-catalogue
fgd1:10	convergent_dlm_uncertain	fgd1	10	9	4	4	4	L1:4,BOV:2,L4:2,L3:1	2004	2010.5	2019	2	2	0	8.20e-01	0	0	United Kingdom:2,Australia:2,Japan:1,Belgium:1	L3(n1,sub1,None-None) | BOV(n2,sub1,2016-2016) | L1(n4,sub1,2019-2019) | L4(n2,sub1,2004-2005)	1re couronne F420 7.6A enfoui; ESM A10P -8.2; delamanid:uncertain
ddn:111	convergent_recurrent	ddn	111	38	14	4	7	L4:33,L3:3,L2:1,L1:1	2006	2013.0	2020	8	6	0	8.70e-01	3	8	Thailand:6,China:5,United Kingdom:4,Italy:2	L3(n3,sub1,None-None) | L2(n1,sub1,2014-2014) | L4(n33,sub4,2006-2020) | L1(n1,sub1,2017-2017)	2de couronne 13A enfoui; ESM A111T -5.0; PMD convergent_recurrent
ddn:65	phenotype_casecontrol	ddn	65	10	4	1	1	L4:10	2009	2010.0	2020	3	1	0	8.38e-01	2	20	Vietnam:6,Viet Nam:3	L4(n10,sub1,2009-2020)	contact DIRECT F420 3.1A; cas-temoins DLM OR42; delamanid:uncertain
ddn:81	phenotype_casecontrol	ddn	81	101	83	3	6	L2:99,L3:1,NA:1	2004	2011	2022	56	26	1	1.00e+00	67	66	Thailand:55,USA:11,Canada:7,South Korea:4	L2(n99,sub4,2004-2022) | L3(n1,sub1,None-None) | NA(n1,sub1,None-None)	1re couronne 7A; cas-temoins DLM (2R/0S); delamanid:uncertain
ddn:34	phenotype_casecontrol_weak	ddn	34	84	23	3	3	L4:82,L1:1,NA:1	2009	2012	2021	15	8	0	9.71e-01	4	5	Peru:11,Gambia:5,Brazil:5,Italy:2	L4(n82,sub1,2009-2021) | L1(n1,sub1,None-None) | NA(n1,sub1,None-None)	N-term; cas-temoins OR127 mais peripherique/desordonne
ddn:49	catalogued_dlm_R_anchor	ddn	49	57	36	1	2	L2:57	2010	2018.0	2024	12	17	7	1.04e-02	5	9	Viet Nam:20,Vietnam:9,USA:9,Mexico:7	L2(n57,sub2,2010-2024)	ANCRE delamanid:R-associated (OR456) — reference ere-medicament
ddn:88	catalogued_dlm_R_anchor	ddn	88	152	121	3	5	L2:148,NA:3,L4:1	2000	2011	2023	77	43	1	9.89e-01	146	96	Georgia:89,Moldova:14,Tajikistan:3,Russia:3	L2(n148,sub3,2000-2023) | NA(n3,sub1,None-None) | L4(n1,sub1,2020-2020)	ANCRE delamanid:R-associated — stop_gained W88*
ddn:139	catalogued_dlm_R_anchor	ddn	139	19	9	2	2	L4:18,L2:1	2009	2020	2022	2	6	1	3.19e-02	1	5	Georgia:5,Brazil:2,Kazakhstan:1,United Kingdom:1	L2(n1,sub1,2020-2020) | L4(n18,sub1,2009-2022)	ANCRE delamanid:R-associated — stop_gained W139*
