pmid	pmcid	journal	source	table	gene	panel_group	mutation	drug	rs	mic	raw_value	column	caption
40630726	PMC12235975	ACS omega	body	1	ddn	PMD	398_del_1_TC_T	pretomanid		>16	>16	MIC	Summary of the Mutations Identified in ddn for Dataset S1
40630726	PMC12235975	ACS omega	body	1	ddn	PMD	281_del_21_CAACCCCAAGGTTCAGGTACAG_C	pretomanid		>16	>16	MIC	Summary of the Mutations Identified in ddn for Dataset S1
40630726	PMC12235975	ACS omega	body	1	ddn	PMD	Tyr89*	pretomanid		>16	>16	MIC	Summary of the Mutations Identified in ddn for Dataset S1
40630726	PMC12235975	ACS omega	body	1	ddn	PMD	Tyr29*	pretomanid		>16	>16	MIC	Summary of the Mutations Identified in ddn for Dataset S1
40630726	PMC12235975	ACS omega	body	1	ddn	PMD	Leu49Pro	pretomanid		>16	>16	MIC	Summary of the Mutations Identified in ddn for Dataset S1
40630726	PMC12235975	ACS omega	body	1	ddn	PMD	Leu64Pro	pretomanid		>16	>16	MIC	Summary of the Mutations Identified in ddn for Dataset S1
40980917	PMC12587575	Antimicrobial agents and chemotherapy	body	TABLE 1	mmpR5	BDQ	214dupCd	clofazimine	S	0.125	0.125S	MGIT MIC (µg/mL) and corresponding categorical AST resultb C	Antimicrobial susceptibility testing results of in vitro selected mutants following serial exposure to clofazimine by Ismail et al. ( 7 ) h
40980917	PMC12587575	Antimicrobial agents and chemotherapy	body	TABLE 1	mmpR5	BDQ	214dupCd	clofazimine	R	4	4R	MGIT MIC (µg/mL) and corresponding categorical AST resultb.1	Antimicrobial susceptibility testing results of in vitro selected mutants following serial exposure to clofazimine by Ismail et al. ( 7 ) h
40980917	PMC12587575	Antimicrobial agents and chemotherapy	body	TABLE 1	mmpR5	BDQ	214dupCd	delamanid	S	0.125	0.125S	MGIT MIC (µg/mL) and corresponding categorical AST resultb.2	Antimicrobial susceptibility testing results of in vitro selected mutants following serial exposure to clofazimine by Ismail et al. ( 7 ) h
40980917	PMC12587575	Antimicrobial agents and chemotherapy	body	TABLE 1	mmpR5	BDQ	214dupCd	delamanid	R	>1	>1R	MGIT MIC (µg/mL) and corresponding categorical AST resultb.3	Antimicrobial susceptibility testing results of in vitro selected mutants following serial exposure to clofazimine by Ismail et al. ( 7 ) h
40980917	PMC12587575	Antimicrobial agents and chemotherapy	body	TABLE 1	mmpR5	BDQ	214dupCd	pretomanid	S	0.125	0.125S	MGIT MIC (µg/mL) and corresponding categorical AST resultb.4	Antimicrobial susceptibility testing results of in vitro selected mutants following serial exposure to clofazimine by Ismail et al. ( 7 ) h
40980917	PMC12587575	Antimicrobial agents and chemotherapy	body	TABLE 1	mmpR5	BDQ	214dupCd	pretomanid	R	>2	>2R	MGIT MIC (µg/mL) and corresponding categorical AST resultb.5	Antimicrobial susceptibility testing results of in vitro selected mutants following serial exposure to clofazimine by Ismail et al. ( 7 ) h
40980917	PMC12587575	Antimicrobial agents and chemotherapy	body	TABLE 1	fbiC	PMD	Glu142Asp	clofazimine	S	0.125	0.125S	MGIT MIC (µg/mL) and corresponding categorical AST resultb C	Antimicrobial susceptibility testing results of in vitro selected mutants following serial exposure to clofazimine by Ismail et al. ( 7 ) h
40980917	PMC12587575	Antimicrobial agents and chemotherapy	body	TABLE 1	fbiC	PMD	Glu142Asp	clofazimine	R	4	4R	MGIT MIC (µg/mL) and corresponding categorical AST resultb.1	Antimicrobial susceptibility testing results of in vitro selected mutants following serial exposure to clofazimine by Ismail et al. ( 7 ) h
40980917	PMC12587575	Antimicrobial agents and chemotherapy	body	TABLE 1	fbiC	PMD	Glu142Asp	delamanid	S	0.125	0.125S	MGIT MIC (µg/mL) and corresponding categorical AST resultb.2	Antimicrobial susceptibility testing results of in vitro selected mutants following serial exposure to clofazimine by Ismail et al. ( 7 ) h
40980917	PMC12587575	Antimicrobial agents and chemotherapy	body	TABLE 1	fbiC	PMD	Glu142Asp	delamanid	R	>1	>1R	MGIT MIC (µg/mL) and corresponding categorical AST resultb.3	Antimicrobial susceptibility testing results of in vitro selected mutants following serial exposure to clofazimine by Ismail et al. ( 7 ) h
40980917	PMC12587575	Antimicrobial agents and chemotherapy	body	TABLE 1	fbiC	PMD	Glu142Asp	pretomanid	S	0.125	0.125S	MGIT MIC (µg/mL) and corresponding categorical AST resultb.4	Antimicrobial susceptibility testing results of in vitro selected mutants following serial exposure to clofazimine by Ismail et al. ( 7 ) h
40980917	PMC12587575	Antimicrobial agents and chemotherapy	body	TABLE 1	fbiC	PMD	Glu142Asp	pretomanid	R	>2	>2R	MGIT MIC (µg/mL) and corresponding categorical AST resultb.5	Antimicrobial susceptibility testing results of in vitro selected mutants following serial exposure to clofazimine by Ismail et al. ( 7 ) h
40980917	PMC12587575	Antimicrobial agents and chemotherapy	body	TABLE 1	fbiD	PMD	559_561delTGC	clofazimine	S	0.125	0.125S	MGIT MIC (µg/mL) and corresponding categorical AST resultb C	Antimicrobial susceptibility testing results of in vitro selected mutants following serial exposure to clofazimine by Ismail et al. ( 7 ) h
40980917	PMC12587575	Antimicrobial agents and chemotherapy	body	TABLE 1	fbiD	PMD	559_561delTGC	clofazimine	R	4	4R	MGIT MIC (µg/mL) and corresponding categorical AST resultb.1	Antimicrobial susceptibility testing results of in vitro selected mutants following serial exposure to clofazimine by Ismail et al. ( 7 ) h
40980917	PMC12587575	Antimicrobial agents and chemotherapy	body	TABLE 1	fbiD	PMD	559_561delTGC	delamanid	S	0.125	0.125S	MGIT MIC (µg/mL) and corresponding categorical AST resultb.2	Antimicrobial susceptibility testing results of in vitro selected mutants following serial exposure to clofazimine by Ismail et al. ( 7 ) h
40980917	PMC12587575	Antimicrobial agents and chemotherapy	body	TABLE 1	fbiD	PMD	559_561delTGC	delamanid	R	>1	>1R	MGIT MIC (µg/mL) and corresponding categorical AST resultb.3	Antimicrobial susceptibility testing results of in vitro selected mutants following serial exposure to clofazimine by Ismail et al. ( 7 ) h
40980917	PMC12587575	Antimicrobial agents and chemotherapy	body	TABLE 1	fbiD	PMD	559_561delTGC	pretomanid	S	0.125	0.125S	MGIT MIC (µg/mL) and corresponding categorical AST resultb.4	Antimicrobial susceptibility testing results of in vitro selected mutants following serial exposure to clofazimine by Ismail et al. ( 7 ) h
40980917	PMC12587575	Antimicrobial agents and chemotherapy	body	TABLE 1	fbiD	PMD	559_561delTGC	pretomanid	R	>2	>2R	MGIT MIC (µg/mL) and corresponding categorical AST resultb.5	Antimicrobial susceptibility testing results of in vitro selected mutants following serial exposure to clofazimine by Ismail et al. ( 7 ) h
40980917	PMC12587575	Antimicrobial agents and chemotherapy	body	TABLE 1	mmpR5	BDQ	Gln22Pro	clofazimine	S	0.5	0.5S	MGIT MIC (µg/mL) and corresponding categorical AST resultb C	Antimicrobial susceptibility testing results of in vitro selected mutants following serial exposure to clofazimine by Ismail et al. ( 7 ) h
40980917	PMC12587575	Antimicrobial agents and chemotherapy	body	TABLE 1	mmpR5	BDQ	Gln22Pro	clofazimine	R	4	4R	MGIT MIC (µg/mL) and corresponding categorical AST resultb.1	Antimicrobial susceptibility testing results of in vitro selected mutants following serial exposure to clofazimine by Ismail et al. ( 7 ) h
40980917	PMC12587575	Antimicrobial agents and chemotherapy	body	TABLE 1	mmpR5	BDQ	Gln22Pro	delamanid	S	0.125	0.125S	MGIT MIC (µg/mL) and corresponding categorical AST resultb.2	Antimicrobial susceptibility testing results of in vitro selected mutants following serial exposure to clofazimine by Ismail et al. ( 7 ) h
40980917	PMC12587575	Antimicrobial agents and chemotherapy	body	TABLE 1	mmpR5	BDQ	Gln22Pro	delamanid	R	>1	>1R	MGIT MIC (µg/mL) and corresponding categorical AST resultb.3	Antimicrobial susceptibility testing results of in vitro selected mutants following serial exposure to clofazimine by Ismail et al. ( 7 ) h
40980917	PMC12587575	Antimicrobial agents and chemotherapy	body	TABLE 1	mmpR5	BDQ	Gln22Pro	pretomanid	S	0.25	0.25S	MGIT MIC (µg/mL) and corresponding categorical AST resultb.4	Antimicrobial susceptibility testing results of in vitro selected mutants following serial exposure to clofazimine by Ismail et al. ( 7 ) h
40980917	PMC12587575	Antimicrobial agents and chemotherapy	body	TABLE 1	mmpR5	BDQ	Gln22Pro	pretomanid	R	>2	>2R	MGIT MIC (µg/mL) and corresponding categorical AST resultb.5	Antimicrobial susceptibility testing results of in vitro selected mutants following serial exposure to clofazimine by Ismail et al. ( 7 ) h
40980917	PMC12587575	Antimicrobial agents and chemotherapy	body	TABLE 1	mmpR5	BDQ	172_183delACGGCGCTGGCG	clofazimine	S	0.5	0.5S	MGIT MIC (µg/mL) and corresponding categorical AST resultb C	Antimicrobial susceptibility testing results of in vitro selected mutants following serial exposure to clofazimine by Ismail et al. ( 7 ) h
40980917	PMC12587575	Antimicrobial agents and chemotherapy	body	TABLE 1	mmpR5	BDQ	172_183delACGGCGCTGGCG	clofazimine	R	4	4R	MGIT MIC (µg/mL) and corresponding categorical AST resultb.1	Antimicrobial susceptibility testing results of in vitro selected mutants following serial exposure to clofazimine by Ismail et al. ( 7 ) h
40980917	PMC12587575	Antimicrobial agents and chemotherapy	body	TABLE 1	mmpR5	BDQ	172_183delACGGCGCTGGCG	delamanid	S	0.125	0.125S	MGIT MIC (µg/mL) and corresponding categorical AST resultb.2	Antimicrobial susceptibility testing results of in vitro selected mutants following serial exposure to clofazimine by Ismail et al. ( 7 ) h
40980917	PMC12587575	Antimicrobial agents and chemotherapy	body	TABLE 1	mmpR5	BDQ	172_183delACGGCGCTGGCG	delamanid	R	>1	>1R	MGIT MIC (µg/mL) and corresponding categorical AST resultb.3	Antimicrobial susceptibility testing results of in vitro selected mutants following serial exposure to clofazimine by Ismail et al. ( 7 ) h
40980917	PMC12587575	Antimicrobial agents and chemotherapy	body	TABLE 1	mmpR5	BDQ	172_183delACGGCGCTGGCG	pretomanid	S	0.25	0.25S	MGIT MIC (µg/mL) and corresponding categorical AST resultb.4	Antimicrobial susceptibility testing results of in vitro selected mutants following serial exposure to clofazimine by Ismail et al. ( 7 ) h
40980917	PMC12587575	Antimicrobial agents and chemotherapy	body	TABLE 1	mmpR5	BDQ	172_183delACGGCGCTGGCG	pretomanid	R	>2	>2R	MGIT MIC (µg/mL) and corresponding categorical AST resultb.5	Antimicrobial susceptibility testing results of in vitro selected mutants following serial exposure to clofazimine by Ismail et al. ( 7 ) h
40980917	PMC12587575	Antimicrobial agents and chemotherapy	body	TABLE 1	fbiA	PMD	285_286delTGg	clofazimine	S	0.5	0.5S	MGIT MIC (µg/mL) and corresponding categorical AST resultb C	Antimicrobial susceptibility testing results of in vitro selected mutants following serial exposure to clofazimine by Ismail et al. ( 7 ) h
40980917	PMC12587575	Antimicrobial agents and chemotherapy	body	TABLE 1	fbiA	PMD	285_286delTGg	clofazimine	R	4	4R	MGIT MIC (µg/mL) and corresponding categorical AST resultb.1	Antimicrobial susceptibility testing results of in vitro selected mutants following serial exposure to clofazimine by Ismail et al. ( 7 ) h
40980917	PMC12587575	Antimicrobial agents and chemotherapy	body	TABLE 1	fbiA	PMD	285_286delTGg	delamanid	S	0.125	0.125S	MGIT MIC (µg/mL) and corresponding categorical AST resultb.2	Antimicrobial susceptibility testing results of in vitro selected mutants following serial exposure to clofazimine by Ismail et al. ( 7 ) h
40980917	PMC12587575	Antimicrobial agents and chemotherapy	body	TABLE 1	fbiA	PMD	285_286delTGg	delamanid	R	>1	>1R	MGIT MIC (µg/mL) and corresponding categorical AST resultb.3	Antimicrobial susceptibility testing results of in vitro selected mutants following serial exposure to clofazimine by Ismail et al. ( 7 ) h
40980917	PMC12587575	Antimicrobial agents and chemotherapy	body	TABLE 1	fbiA	PMD	285_286delTGg	pretomanid	S	0.25	0.25S	MGIT MIC (µg/mL) and corresponding categorical AST resultb.4	Antimicrobial susceptibility testing results of in vitro selected mutants following serial exposure to clofazimine by Ismail et al. ( 7 ) h
40980917	PMC12587575	Antimicrobial agents and chemotherapy	body	TABLE 1	fbiA	PMD	285_286delTGg	pretomanid	R	>2	>2R	MGIT MIC (µg/mL) and corresponding categorical AST resultb.5	Antimicrobial susceptibility testing results of in vitro selected mutants following serial exposure to clofazimine by Ismail et al. ( 7 ) h
40980917	PMC12587575	Antimicrobial agents and chemotherapy	body	TABLE 1	fbiA	PMD	Trp288Arg	clofazimine	S	0.5	0.5S	MGIT MIC (µg/mL) and corresponding categorical AST resultb C	Antimicrobial susceptibility testing results of in vitro selected mutants following serial exposure to clofazimine by Ismail et al. ( 7 ) h
40980917	PMC12587575	Antimicrobial agents and chemotherapy	body	TABLE 1	fbiA	PMD	Trp288Arg	clofazimine	R	4	4R	MGIT MIC (µg/mL) and corresponding categorical AST resultb.1	Antimicrobial susceptibility testing results of in vitro selected mutants following serial exposure to clofazimine by Ismail et al. ( 7 ) h
40980917	PMC12587575	Antimicrobial agents and chemotherapy	body	TABLE 1	fbiA	PMD	Trp288Arg	delamanid	S	0.125	0.125S	MGIT MIC (µg/mL) and corresponding categorical AST resultb.2	Antimicrobial susceptibility testing results of in vitro selected mutants following serial exposure to clofazimine by Ismail et al. ( 7 ) h
40980917	PMC12587575	Antimicrobial agents and chemotherapy	body	TABLE 1	fbiA	PMD	Trp288Arg	delamanid	R	>1	>1R	MGIT MIC (µg/mL) and corresponding categorical AST resultb.3	Antimicrobial susceptibility testing results of in vitro selected mutants following serial exposure to clofazimine by Ismail et al. ( 7 ) h
40980917	PMC12587575	Antimicrobial agents and chemotherapy	body	TABLE 1	fbiA	PMD	Trp288Arg	pretomanid	S	0.25	0.25S	MGIT MIC (µg/mL) and corresponding categorical AST resultb.4	Antimicrobial susceptibility testing results of in vitro selected mutants following serial exposure to clofazimine by Ismail et al. ( 7 ) h
40980917	PMC12587575	Antimicrobial agents and chemotherapy	body	TABLE 1	fbiA	PMD	Trp288Arg	pretomanid	R	>2	>2R	MGIT MIC (µg/mL) and corresponding categorical AST resultb.5	Antimicrobial susceptibility testing results of in vitro selected mutants following serial exposure to clofazimine by Ismail et al. ( 7 ) h
40980917	PMC12587575	Antimicrobial agents and chemotherapy	body	TABLE 2	mmpR5	BDQ	344delAf	bedaquiline		0.5	0.5 (x1);1 (x1)	Broth microdilution MIC in µg/mLb BDQ	Antimicrobial susceptibility testing results of in vitro selected mutants following serial exposure to clofazimine by Snobre et al. ( 9 ) i
40980917	PMC12587575	Antimicrobial agents and chemotherapy	body	TABLE 2	mmpR5	BDQ	344delAf	clofazimine		1	1 (x2);2 (x1)	Broth microdilution MIC in µg/mLb.1 CFZ	Antimicrobial susceptibility testing results of in vitro selected mutants following serial exposure to clofazimine by Snobre et al. ( 9 ) i
40980917	PMC12587575	Antimicrobial agents and chemotherapy	body	TABLE 2	mmpR5	BDQ	344delAf	delamanid		0.016	0.016 (x1)	Broth microdilution MIC in µg/mLb.2 DLM	Antimicrobial susceptibility testing results of in vitro selected mutants following serial exposure to clofazimine by Snobre et al. ( 9 ) i
40980917	PMC12587575	Antimicrobial agents and chemotherapy	body	TABLE 2	mmpR5	BDQ	344delAf	pretomanid		0.5	0.5 (x1)	Broth microdilution MIC in µg/mLb.3 PMD	Antimicrobial susceptibility testing results of in vitro selected mutants following serial exposure to clofazimine by Snobre et al. ( 9 ) i
40980917	PMC12587575	Antimicrobial agents and chemotherapy	body	TABLE 2	mmpR5	BDQ	344delAf	delamanid	S		S (x1)	Categorical MGIT resultc DLM	Antimicrobial susceptibility testing results of in vitro selected mutants following serial exposure to clofazimine by Snobre et al. ( 9 ) i
40980917	PMC12587575	Antimicrobial agents and chemotherapy	body	TABLE 2	mmpR5	BDQ	344delAf	pretomanid	S		Siu (x1)	Categorical MGIT resultc.1 PMD	Antimicrobial susceptibility testing results of in vitro selected mutants following serial exposure to clofazimine by Snobre et al. ( 9 ) i
40980917	PMC12587575	Antimicrobial agents and chemotherapy	body	TABLE 2	mmpR5	BDQ	344delAf	clofazimine		2	2 (x1);4 (x2)	Broth microdilution MIC in µg/mLb.1 CFZ	Antimicrobial susceptibility testing results of in vitro selected mutants following serial exposure to clofazimine by Snobre et al. ( 9 ) i
40980917	PMC12587575	Antimicrobial agents and chemotherapy	body	TABLE 2	mmpR5	BDQ	344delAf	delamanid		0.25	0.25 (x1)	Broth microdilution MIC in µg/mLb.2 DLM	Antimicrobial susceptibility testing results of in vitro selected mutants following serial exposure to clofazimine by Snobre et al. ( 9 ) i
40980917	PMC12587575	Antimicrobial agents and chemotherapy	body	TABLE 2	mmpR5	BDQ	344delAf	pretomanid		>2	>2 (x1)	Broth microdilution MIC in µg/mLb.3 PMD	Antimicrobial susceptibility testing results of in vitro selected mutants following serial exposure to clofazimine by Snobre et al. ( 9 ) i
40980917	PMC12587575	Antimicrobial agents and chemotherapy	body	TABLE 2	mmpR5	BDQ	344delAf	delamanid	R		R (x1)	Categorical MGIT resultc DLM	Antimicrobial susceptibility testing results of in vitro selected mutants following serial exposure to clofazimine by Snobre et al. ( 9 ) i
40980917	PMC12587575	Antimicrobial agents and chemotherapy	body	TABLE 2	mmpR5	BDQ	344delAf	pretomanid	R		R (x1)	Categorical MGIT resultc.1 PMD	Antimicrobial susceptibility testing results of in vitro selected mutants following serial exposure to clofazimine by Snobre et al. ( 9 ) i
40980917	PMC12587575	Antimicrobial agents and chemotherapy	body	TABLE 2	fbiC	PMD	Arg536Leu	bedaquiline		0.5	0.5 (x1);1 (x1)	Broth microdilution MIC in µg/mLb BDQ	Antimicrobial susceptibility testing results of in vitro selected mutants following serial exposure to clofazimine by Snobre et al. ( 9 ) i
40980917	PMC12587575	Antimicrobial agents and chemotherapy	body	TABLE 2	fbiC	PMD	Arg536Leu	clofazimine		2	2 (x1);4 (x2)	Broth microdilution MIC in µg/mLb.1 CFZ	Antimicrobial susceptibility testing results of in vitro selected mutants following serial exposure to clofazimine by Snobre et al. ( 9 ) i
40980917	PMC12587575	Antimicrobial agents and chemotherapy	body	TABLE 2	fbiC	PMD	Arg536Leu	delamanid		0.25	0.25 (x1)	Broth microdilution MIC in µg/mLb.2 DLM	Antimicrobial susceptibility testing results of in vitro selected mutants following serial exposure to clofazimine by Snobre et al. ( 9 ) i
40980917	PMC12587575	Antimicrobial agents and chemotherapy	body	TABLE 2	fbiC	PMD	Arg536Leu	pretomanid		>2	>2 (x1)	Broth microdilution MIC in µg/mLb.3 PMD	Antimicrobial susceptibility testing results of in vitro selected mutants following serial exposure to clofazimine by Snobre et al. ( 9 ) i
40980917	PMC12587575	Antimicrobial agents and chemotherapy	body	TABLE 2	fbiC	PMD	Arg536Leu	delamanid	R		R (x1)	Categorical MGIT resultc DLM	Antimicrobial susceptibility testing results of in vitro selected mutants following serial exposure to clofazimine by Snobre et al. ( 9 ) i
40980917	PMC12587575	Antimicrobial agents and chemotherapy	body	TABLE 2	fbiC	PMD	Arg536Leu	pretomanid	R		R (x1)	Categorical MGIT resultc.1 PMD	Antimicrobial susceptibility testing results of in vitro selected mutants following serial exposure to clofazimine by Snobre et al. ( 9 ) i
40817101	PMC12355853	BMC microbiology	body	Table 3	fgd1	PMD	Arg280Cys	bedaquiline	S		S	7H11 Middlebrook Agar BDQ(Critical concentration:0.25 µg/ml)	The rate of drug resistance of 29 multidrug-resistant Mycobacterium tuberculosis isolates against three drugs: delamanid (DLM), bedaquiline (BDQ), and
40817101	PMC12355853	BMC microbiology	body	Table 3	fgd1	PMD	Arg280Cys	delamanid	R		R	7H11 Middlebrook Agar.1 DLM(Critical concentration: 0.06 µg/	The rate of drug resistance of 29 multidrug-resistant Mycobacterium tuberculosis isolates against three drugs: delamanid (DLM), bedaquiline (BDQ), and
40817101	PMC12355853	BMC microbiology	body	Table 3	fgd1	PMD	Arg280Cys	linezolid	S		S	7H11 Middlebrook Agar.2 LZD(Critical concentration: 1.0 µg/m	The rate of drug resistance of 29 multidrug-resistant Mycobacterium tuberculosis isolates against three drugs: delamanid (DLM), bedaquiline (BDQ), and
40817101	PMC12355853	BMC microbiology	body	Table 3	fgd1	PMD	Arg280Cys	delamanid		0.12	0.12	7H9 Middlebrook BrothMIC (µg/ml).1 DLM(Breakpoint: 0.06 µg/m	The rate of drug resistance of 29 multidrug-resistant Mycobacterium tuberculosis isolates against three drugs: delamanid (DLM), bedaquiline (BDQ), and
40817101	PMC12355853	BMC microbiology	body	Table 3	fgd1	PMD	Arg280Cys	linezolid		0.25	0.25	7H9 Middlebrook BrothMIC (µg/ml).2 LZD(Breakpoint: 1.0 µg/ml	The rate of drug resistance of 29 multidrug-resistant Mycobacterium tuberculosis isolates against three drugs: delamanid (DLM), bedaquiline (BDQ), and
40817101	PMC12355853	BMC microbiology	body	Table 3	fgd1	PMD	Arg280Cys	delamanid		0.48	0.48	7H9 Middlebrook BrothMIC (µg/ml).1 DLM(Breakpoint: 0.06 µg/m	The rate of drug resistance of 29 multidrug-resistant Mycobacterium tuberculosis isolates against three drugs: delamanid (DLM), bedaquiline (BDQ), and
40817101	PMC12355853	BMC microbiology	body	Table 3	fgd1	PMD	Arg280Cys	linezolid		1.0	1.0	7H9 Middlebrook BrothMIC (µg/ml).2 LZD(Breakpoint: 1.0 µg/ml	The rate of drug resistance of 29 multidrug-resistant Mycobacterium tuberculosis isolates against three drugs: delamanid (DLM), bedaquiline (BDQ), and
40817101	PMC12355853	BMC microbiology	body	Table 3	fgd1	PMD	Arg280Cys	linezolid	R		R	7H11 Middlebrook Agar.2 LZD(Critical concentration: 1.0 µg/m	The rate of drug resistance of 29 multidrug-resistant Mycobacterium tuberculosis isolates against three drugs: delamanid (DLM), bedaquiline (BDQ), and
40817101	PMC12355853	BMC microbiology	body	Table 3	fgd1	PMD	Arg280Cys	delamanid		0.24	0.24	7H9 Middlebrook BrothMIC (µg/ml).1 DLM(Breakpoint: 0.06 µg/m	The rate of drug resistance of 29 multidrug-resistant Mycobacterium tuberculosis isolates against three drugs: delamanid (DLM), bedaquiline (BDQ), and
40817101	PMC12355853	BMC microbiology	body	Table 3	fgd1	PMD	Arg280Cys	linezolid		2.0	2.0	7H9 Middlebrook BrothMIC (µg/ml).2 LZD(Breakpoint: 1.0 µg/ml	The rate of drug resistance of 29 multidrug-resistant Mycobacterium tuberculosis isolates against three drugs: delamanid (DLM), bedaquiline (BDQ), and
40817101	PMC12355853	BMC microbiology	body	Table 3	fbiC	PMD	Val318Ile	bedaquiline	S		S	7H11 Middlebrook Agar BDQ(Critical concentration:0.25 µg/ml)	The rate of drug resistance of 29 multidrug-resistant Mycobacterium tuberculosis isolates against three drugs: delamanid (DLM), bedaquiline (BDQ), and
40817101	PMC12355853	BMC microbiology	body	Table 3	fbiC	PMD	Val318Ile	delamanid	R		R	7H11 Middlebrook Agar.1 DLM(Critical concentration: 0.06 µg/	The rate of drug resistance of 29 multidrug-resistant Mycobacterium tuberculosis isolates against three drugs: delamanid (DLM), bedaquiline (BDQ), and
40817101	PMC12355853	BMC microbiology	body	Table 3	fbiC	PMD	Val318Ile	linezolid	R		R	7H11 Middlebrook Agar.2 LZD(Critical concentration: 1.0 µg/m	The rate of drug resistance of 29 multidrug-resistant Mycobacterium tuberculosis isolates against three drugs: delamanid (DLM), bedaquiline (BDQ), and
40817101	PMC12355853	BMC microbiology	body	Table 3	fbiC	PMD	Val318Ile	delamanid		0.24	0.24	7H9 Middlebrook BrothMIC (µg/ml).1 DLM(Breakpoint: 0.06 µg/m	The rate of drug resistance of 29 multidrug-resistant Mycobacterium tuberculosis isolates against three drugs: delamanid (DLM), bedaquiline (BDQ), and
40817101	PMC12355853	BMC microbiology	body	Table 3	fbiC	PMD	Val318Ile	linezolid		2.0	2.0	7H9 Middlebrook BrothMIC (µg/ml).2 LZD(Breakpoint: 1.0 µg/ml	The rate of drug resistance of 29 multidrug-resistant Mycobacterium tuberculosis isolates against three drugs: delamanid (DLM), bedaquiline (BDQ), and
40817101	PMC12355853	BMC microbiology	body	Table 3	rplC	LZD	Cys154Arg	bedaquiline	S		S	7H11 Middlebrook Agar BDQ(Critical concentration:0.25 µg/ml)	The rate of drug resistance of 29 multidrug-resistant Mycobacterium tuberculosis isolates against three drugs: delamanid (DLM), bedaquiline (BDQ), and
40817101	PMC12355853	BMC microbiology	body	Table 3	rplC	LZD	Cys154Arg	delamanid	R		R	7H11 Middlebrook Agar.1 DLM(Critical concentration: 0.06 µg/	The rate of drug resistance of 29 multidrug-resistant Mycobacterium tuberculosis isolates against three drugs: delamanid (DLM), bedaquiline (BDQ), and
40817101	PMC12355853	BMC microbiology	body	Table 3	rplC	LZD	Cys154Arg	linezolid	R		R	7H11 Middlebrook Agar.2 LZD(Critical concentration: 1.0 µg/m	The rate of drug resistance of 29 multidrug-resistant Mycobacterium tuberculosis isolates against three drugs: delamanid (DLM), bedaquiline (BDQ), and
40817101	PMC12355853	BMC microbiology	body	Table 3	rplC	LZD	Cys154Arg	delamanid		0.24	0.24	7H9 Middlebrook BrothMIC (µg/ml).1 DLM(Breakpoint: 0.06 µg/m	The rate of drug resistance of 29 multidrug-resistant Mycobacterium tuberculosis isolates against three drugs: delamanid (DLM), bedaquiline (BDQ), and
40817101	PMC12355853	BMC microbiology	body	Table 3	rplC	LZD	Cys154Arg	linezolid		2.0	2.0	7H9 Middlebrook BrothMIC (µg/ml).2 LZD(Breakpoint: 1.0 µg/ml	The rate of drug resistance of 29 multidrug-resistant Mycobacterium tuberculosis isolates against three drugs: delamanid (DLM), bedaquiline (BDQ), and
40817101	PMC12355853	BMC microbiology	body	Table 3	fbiC	PMD	Thr89Ser	bedaquiline	S		S	7H11 Middlebrook Agar BDQ(Critical concentration:0.25 µg/ml)	The rate of drug resistance of 29 multidrug-resistant Mycobacterium tuberculosis isolates against three drugs: delamanid (DLM), bedaquiline (BDQ), and
40817101	PMC12355853	BMC microbiology	body	Table 3	fbiC	PMD	Thr89Ser	delamanid	R		R	7H11 Middlebrook Agar.1 DLM(Critical concentration: 0.06 µg/	The rate of drug resistance of 29 multidrug-resistant Mycobacterium tuberculosis isolates against three drugs: delamanid (DLM), bedaquiline (BDQ), and
40817101	PMC12355853	BMC microbiology	body	Table 3	fbiC	PMD	Thr89Ser	linezolid	S		S	7H11 Middlebrook Agar.2 LZD(Critical concentration: 1.0 µg/m	The rate of drug resistance of 29 multidrug-resistant Mycobacterium tuberculosis isolates against three drugs: delamanid (DLM), bedaquiline (BDQ), and
40817101	PMC12355853	BMC microbiology	body	Table 3	fbiC	PMD	Thr89Ser	delamanid		0.12	0.12	7H9 Middlebrook BrothMIC (µg/ml).1 DLM(Breakpoint: 0.06 µg/m	The rate of drug resistance of 29 multidrug-resistant Mycobacterium tuberculosis isolates against three drugs: delamanid (DLM), bedaquiline (BDQ), and
40817101	PMC12355853	BMC microbiology	body	Table 3	fbiC	PMD	Thr89Ser	linezolid		0.25	0.25	7H9 Middlebrook BrothMIC (µg/ml).2 LZD(Breakpoint: 1.0 µg/ml	The rate of drug resistance of 29 multidrug-resistant Mycobacterium tuberculosis isolates against three drugs: delamanid (DLM), bedaquiline (BDQ), and
40817101	PMC12355853	BMC microbiology	body	Table 3	fbiA	PMD	Asp49Thr	bedaquiline	S		S	7H11 Middlebrook Agar BDQ(Critical concentration:0.25 µg/ml)	The rate of drug resistance of 29 multidrug-resistant Mycobacterium tuberculosis isolates against three drugs: delamanid (DLM), bedaquiline (BDQ), and
40817101	PMC12355853	BMC microbiology	body	Table 3	fbiA	PMD	Asp49Thr	delamanid	R		R	7H11 Middlebrook Agar.1 DLM(Critical concentration: 0.06 µg/	The rate of drug resistance of 29 multidrug-resistant Mycobacterium tuberculosis isolates against three drugs: delamanid (DLM), bedaquiline (BDQ), and
40817101	PMC12355853	BMC microbiology	body	Table 3	fbiA	PMD	Asp49Thr	linezolid	S		S	7H11 Middlebrook Agar.2 LZD(Critical concentration: 1.0 µg/m	The rate of drug resistance of 29 multidrug-resistant Mycobacterium tuberculosis isolates against three drugs: delamanid (DLM), bedaquiline (BDQ), and
40817101	PMC12355853	BMC microbiology	body	Table 3	fbiA	PMD	Asp49Thr	delamanid		0.48	0.48	7H9 Middlebrook BrothMIC (µg/ml).1 DLM(Breakpoint: 0.06 µg/m	The rate of drug resistance of 29 multidrug-resistant Mycobacterium tuberculosis isolates against three drugs: delamanid (DLM), bedaquiline (BDQ), and
40817101	PMC12355853	BMC microbiology	body	Table 3	fbiA	PMD	Asp49Thr	linezolid		0.5	0.5	7H9 Middlebrook BrothMIC (µg/ml).2 LZD(Breakpoint: 1.0 µg/ml	The rate of drug resistance of 29 multidrug-resistant Mycobacterium tuberculosis isolates against three drugs: delamanid (DLM), bedaquiline (BDQ), and
40817101	PMC12355853	BMC microbiology	body	Table 3	fbiA	PMD	Arg321Ser	bedaquiline	S		S	7H11 Middlebrook Agar BDQ(Critical concentration:0.25 µg/ml)	The rate of drug resistance of 29 multidrug-resistant Mycobacterium tuberculosis isolates against three drugs: delamanid (DLM), bedaquiline (BDQ), and
40817101	PMC12355853	BMC microbiology	body	Table 3	fbiA	PMD	Arg321Ser	delamanid	R		R	7H11 Middlebrook Agar.1 DLM(Critical concentration: 0.06 µg/	The rate of drug resistance of 29 multidrug-resistant Mycobacterium tuberculosis isolates against three drugs: delamanid (DLM), bedaquiline (BDQ), and
40817101	PMC12355853	BMC microbiology	body	Table 3	fbiA	PMD	Arg321Ser	linezolid	S		S	7H11 Middlebrook Agar.2 LZD(Critical concentration: 1.0 µg/m	The rate of drug resistance of 29 multidrug-resistant Mycobacterium tuberculosis isolates against three drugs: delamanid (DLM), bedaquiline (BDQ), and
40817101	PMC12355853	BMC microbiology	body	Table 3	fbiA	PMD	Arg321Ser	delamanid		0.12	0.12	7H9 Middlebrook BrothMIC (µg/ml).1 DLM(Breakpoint: 0.06 µg/m	The rate of drug resistance of 29 multidrug-resistant Mycobacterium tuberculosis isolates against three drugs: delamanid (DLM), bedaquiline (BDQ), and
40817101	PMC12355853	BMC microbiology	body	Table 3	fbiA	PMD	Arg321Ser	linezolid		0.5	0.5	7H9 Middlebrook BrothMIC (µg/ml).2 LZD(Breakpoint: 1.0 µg/ml	The rate of drug resistance of 29 multidrug-resistant Mycobacterium tuberculosis isolates against three drugs: delamanid (DLM), bedaquiline (BDQ), and
40817101	PMC12355853	BMC microbiology	body	Table 3	fbiC	PMD	Thr89Ser	delamanid		0.24	0.24	7H9 Middlebrook BrothMIC (µg/ml).1 DLM(Breakpoint: 0.06 µg/m	The rate of drug resistance of 29 multidrug-resistant Mycobacterium tuberculosis isolates against three drugs: delamanid (DLM), bedaquiline (BDQ), and
40817101	PMC12355853	BMC microbiology	body	Table 3	fbiC	PMD	Thr89Ser	linezolid		0.5	0.5	7H9 Middlebrook BrothMIC (µg/ml).2 LZD(Breakpoint: 1.0 µg/ml	The rate of drug resistance of 29 multidrug-resistant Mycobacterium tuberculosis isolates against three drugs: delamanid (DLM), bedaquiline (BDQ), and
42218329		npj Antimicrobials and Resistance	manual_pdf	Fig1	ddn	PMD	Leu49Pro	pretomanid	R	30	30 mg/L (300-fold vs wt)	MIC liquide	Mutant unique H37Rv_DdnL49P ; PDF fourni par CG (paywall, npj OA depuis) — 3e confirmation PMD de l'ancre L49P (avec ACS Omega >16 et Beckert)
42218329		npj Antimicrobials and Resistance	manual_pdf	Fig1	fbiC	PMD	I476Tfs	pretomanid	R	>50	>50 mg/L (complete resistance)	MIC liquide	Mutant unique H37Rv_fbiC_fs (delta 4 nt 1427, I476T + frameshift + stop) ; resistance PMD complete
