a	b	vu_a	vu_b	rapport	p	q_bh
Bovis	L1	0.9255803806596564	2.052818915122267	0.45088262478550295	0.0002	0.001088
Bovis	L6	0.9255803806596564	1.7669681453939998	0.5238240333151393	0.0002	0.001088
Bovis	L5	0.9255803806596564	1.654450058441065	0.5594489697270167	0.0002	0.001088
Bovis	L3	0.9255803806596564	1.5522304106619842	0.5962905856643548	0.0002	0.001088
Bovis	L9	0.9255803806596564	2.1157640242741023	0.43746862600956354	0.0002	0.001088
Caprae_La2	L9	0.9490658804289023	2.1157640242741023	0.4485688713581929	0.0002	0.001088
Caprae_La2	L6	0.9490658804289023	1.7669681453939998	0.5371154442726408	0.0002	0.001088
Caprae_La2	L1	0.9490658804289023	2.052818915122267	0.46232323437665485	0.0002	0.001088
L1	L7	2.052818915122267	1.1756799425870612	1.7460695217825	0.0002	0.001088
L1	Orygis_La3	2.052818915122267	0.9468214007764908	2.168116303073362	0.0002	0.001088
L1	Microti	2.052818915122267	0.8637855922084788	2.3765375732578895	0.0002	0.001088
L2	L3	0.9771747535055546	1.5522304106619842	0.6295294479437599	0.0002	0.001088
L2	L5	0.9771747535055546	1.654450058441065	0.590634179931859	0.0002	0.001088
L2	L6	0.9771747535055546	1.7669681453939998	0.5530234124779105	0.0002	0.001088
L1	L4	2.052818915122267	1.3017000365462965	1.5770291599352322	0.0002	0.001088
L1	L2	2.052818915122267	0.9771747535055546	2.1007694967127475	0.0002	0.001088
L5	Orygis_La3	1.654450058441065	0.9468214007764908	1.7473729016731625	0.0002	0.001088
L7	L9	1.1756799425870612	2.1157640242741023	0.5556763084628142	0.0002	0.001088
L6	Orygis_La3	1.7669681453939998	0.9468214007764908	1.8662106115735284	0.0002	0.001088
L6	Microti	1.7669681453939998	0.8637855922084788	2.045609652826362	0.0002	0.001088
L9	Orygis_La3	2.1157640242741023	0.9468214007764908	2.234596749227424	0.0002	0.001088
L4	L9	1.3017000365462965	2.1157640242741023	0.61523876085042	0.0002	0.001088
L3	Orygis_La3	1.5522304106619842	0.9468214007764908	1.6394120468643778	0.0002	0.001088
L9	Microti	2.1157640242741023	0.8637855922084788	2.449408792365516	0.0002	0.001088
L2	L9	0.9771747535055546	2.1157640242741023	0.4618543194299816	0.0002	0.001088
Caprae_La2	L5	0.9490658804289023	1.654450058441065	0.5736443210157558	0.0004	0.0018758620689655174
L3	Microti	1.5522304106619842	0.8637855922084788	1.7970089159432818	0.0004	0.0018758620689655174
L1	L3	2.052818915122267	1.5522304106619842	1.3224962615226663	0.0004	0.0018758620689655174
L4	L6	1.3017000365462965	1.7669681453939998	0.7366856272646853	0.0004	0.0018758620689655174
L5	Microti	1.654450058441065	0.8637855922084788	1.915348060172038	0.0008	0.0034000000000000002
Bovis	L4	0.9255803806596564	1.3017000365462965	0.7110550469948743	0.0008	0.0034000000000000002
L4	Orygis_La3	1.3017000365462965	0.9468214007764908	1.374810534995057	0.0008	0.0034000000000000002
Caprae_La2	L3	0.9490658804289023	1.5522304106619842	0.6114207490781934	0.0012	0.0049454545454545445
L2	L4	0.9771747535055546	1.3017000365462965	0.7506911931094504	0.0016	0.0064
L6	L7	1.7669681453939998	1.1756799425870612	1.5029329678839465	0.0024	0.009325714285714284
L3	L9	1.5522304106619842	2.1157640242741023	0.7336500634538103	0.0032	0.01208888888888889
L9	La4	2.1157640242741023	0.8085769588907032	2.6166513910769176	0.0040128410914927765	0.014749902390351826
L1	La4	2.052818915122267	0.8085769588907032	2.5388046153807733	0.004815409309791332	0.017234096477147926
L6	La4	1.7669681453939998	0.8085769588907032	2.1852813464016156	0.0056179775280898875	0.01959089599539038
L5	La4	1.654450058441065	0.8085769588907032	2.046125653531886	0.006019261637239166	0.020465489566613163
L3	La4	1.5522304106619842	0.8085769588907032	1.9197064591000816	0.007624398073836276	0.02529068629370082
L4	L5	1.3017000365462965	1.654450058441065	0.7867871441056652	0.0088	0.028495238095238098
L5	L7	1.654450058441065	1.1756799425870612	1.4072282757503538	0.0092	0.029097674418604648
L4	Microti	1.3017000365462965	0.8637855922084788	1.5069712302310836	0.0108	0.033381818181818186
L4	La4	1.3017000365462965	0.8085769588907032	1.6098653594236905	0.012038523274478331	0.03638309256286784
L1	L5	2.052818915122267	1.654450058441065	1.2407862689167977	0.014	0.04139130434782609
Caprae_La2	L4	0.9490658804289023	1.3017000365462965	0.7290972219275555	0.0212	0.06134468085106383
L3	L4	1.5522304106619842	1.3017000365462965	1.1924639833155426	0.0224	0.06346666666666666
L3	L7	1.5522304106619842	1.1756799425870612	1.3202831437664326	0.0236	0.06550204081632653
L7	La4	1.1756799425870612	0.8085769588907032	1.4540111855277091	0.03130016051364366	0.08346709470304978
L5	L9	1.654450058441065	2.1157640242741023	0.7819634134334478	0.0308	0.08346709470304978
Dassie	La4	1.7274770542374547	0.8085769588907032	2.136441108348427	0.060995184590690206	0.15952586739103594
Bovis	L7	0.9255803806596564	1.1756799425870612	0.7872724090392615	0.0752	0.19296603773584906
Dassie	Microti	1.7274770542374547	0.8637855922084788	1.9998910259903013	0.08137903387452396	0.2049546038321344
Bovis	Dassie	0.9255803806596564	1.7274770542374547	0.5357989435455787	0.08298256163559832	0.20519324331711586
Dassie	Orygis_La3	1.7274770542374547	0.9468214007764908	1.8245014876308732	0.09140108238123873	0.22197405721157978
L7	Microti	1.1756799425870612	0.8637855922084788	1.3610784356580299	0.0964	0.2256985064069429
L7	Orygis_La3	1.1756799425870612	0.9468214007764908	1.2417124725136999	0.0964	0.2256985064069429
La4	Pinnipedii	0.8085769588907032	1.6146337950493628	0.5007804007137008	0.09791332263242375	0.2256985064069429
Caprae_La2	Dassie	0.9490658804289023	1.7274770542374547	0.549394203587752	0.10062136700741632	0.22612370165183074
Dassie	L2	1.7274770542374547	0.9771747535055546	1.7678281679302872	0.1014231308879535	0.22612370165183074
La4	Suricattae	0.8085769588907032	2.038144298668868	0.3967221356303343	0.10618034447821682	0.23291172337157237
L1	L6	2.052818915122267	1.7669681453939998	1.1617747159015863	0.1212	0.25523186033824335
Bovis	Suricattae	0.9255803806596564	2.038144298668868	0.45412897470712066	0.12198581560283688	0.25523186033824335
Microti	Suricattae	0.8637855922084788	2.038144298668868	0.4238098317045686	0.11833839918946303	0.25523186033824335
Orygis_La3	Suricattae	0.9468214007764908	2.038144298668868	0.4645507196889196	0.1260385005065856	0.25971569801357036
L2	Suricattae	0.9771747535055546	2.038144298668868	0.47944336136737575	0.13292806484295847	0.26332753623188404
Microti	Pinnipedii	0.8637855922084788	1.6146337950493628	0.5349730662500292	0.1328531412565026	0.26332753623188404
L6	L9	1.7669681453939998	2.1157640242741023	0.8351442434608127	0.1336	0.26332753623188404
Caprae_La2	Suricattae	0.9490658804289023	2.038144298668868	0.4656519565610475	0.13698074974670718	0.2661340280793168
Bovis	Pinnipedii	0.9255803806596564	1.6146337950493628	0.5732447713516113	0.15326130452180872	0.2935709495065632
L2	L7	0.9771747535055546	1.1756799425870612	0.8311571186247341	0.1564	0.294553530200752
L2	La4	0.9771747535055546	0.8085769588907032	1.2085117474113445	0.1581059390048154	0.294553530200752
Orygis_La3	Pinnipedii	0.9468214007764908	1.6146337950493628	0.5864000887876526	0.16686674669867949	0.3066740209597353
Caprae_La2	Pinnipedii	0.9490658804289023	1.6146337950493628	0.5877901746754206	0.17086834733893558	0.3098412698412698
Caprae_La2	L7	0.9490658804289023	1.1756799425870612	0.8072485087569845	0.1732	0.3099368421052631
L2	Pinnipedii	0.9771747535055546	1.6146337950493628	0.6051989971358678	0.18167266906762705	0.3187282051282051
L3	L6	1.5522304106619842	1.7669681453939998	0.8784710775393558	0.1828	0.3187282051282051
L7	Suricattae	1.1756799425870612	2.038144298668868	0.576838422752947	0.2022289766970618	0.34814102317468865
La4	Orygis_La3	0.8085769588907032	0.9468214007764908	0.8539910042459825	0.23996789727126805	0.4079454253611557
Dassie	L7	1.7274770542374547	1.1756799425870612	1.4693429662805801	0.25255562236921225	0.4240440079285539
L4	Suricattae	1.3017000365462965	2.038144298668868	0.6386692234678623	0.2573454913880446	0.42681691254602516
Caprae_La2	La4	0.9490658804289023	0.8085769588907032	1.1737483612332182	0.28170144462279295	0.46158308998433545
Bovis	La4	0.9255803806596564	0.8085769588907032	1.1447028888004322	0.32062600321027285	0.5191087671023465
L8	L9	1.235238968890223	2.1157640242741023	0.5838264356130269	0.35304713299309515	0.5648754127889523
L1	L8	2.052818915122267	1.235238968890223	1.6618799817873162	0.3638546982888022	0.5753981275264778
Dassie	L4	1.7274770542374547	1.3017000365462965	1.3270930365960814	0.3740228502705953	0.5846793981241489
L4	L7	1.3017000365462965	1.1756799425870612	1.1071891161823604	0.3892	0.5968050141404876
L7	Pinnipedii	1.1756799425870612	1.6146337950493628	0.7281403041307692	0.3905562224889956	0.5968050141404876
L9	Pinnipedii	2.1157640242741023	1.6146337950493628	1.3103677321515612	0.40816326530612246	0.6167800453514739
L1	Pinnipedii	2.052818915122267	1.6146337950493628	1.2713835926241766	0.4413765506202481	0.645453880476922
L3	Suricattae	1.5522304106619842	2.038144298668868	0.7615900462375315	0.4376899696048632	0.645453880476922
L8	La4	1.235238968890223	0.8085769588907032	1.5276702548943055	0.43530471329930953	0.645453880476922
L2	Microti	0.9771747535055546	0.8637855922084788	1.1312700308037886	0.4748	0.6869446808510639
L8	Microti	1.235238968890223	0.8637855922084788	1.4300296046059682	0.49414590213149207	0.7000400280196137
L3	L5	1.5522304106619842	1.654450058441065	0.9382153318817015	0.4892	0.7000400280196137
L6	L8	1.7669681453939998	1.235238968890223	1.4304666464510092	0.5199639747823477	0.7181212809595252
Dassie	L9	1.7274770542374547	2.1157640242741023	0.8164790753685941	0.5227500501102426	0.7181212809595252
L8	Suricattae	1.235238968890223	2.038144298668868	0.6060606060606061	0.5151606124287	0.7181212809595252
L5	L6	1.654450058441065	1.7669681453939998	0.9363213834690577	0.5344	0.7263374361752285
L5	Suricattae	1.654450058441065	2.038144298668868	0.8117433390371833	0.5394123606889565	0.7263374361752285
L4	Pinnipedii	1.3017000365462965	1.6146337950493628	0.8061890197873015	0.5486194477791116	0.7314925970388155
Dassie	L1	1.7274770542374547	2.052818915122267	0.8415145834402861	0.5700541190619363	0.7526928174021682
Bovis	L8	0.9255803806596564	1.235238968890223	0.7493128082667491	0.5776043230261183	0.7553287301110778
L5	L8	1.654450058441065	1.235238968890223	1.3393765094113526	0.5860102071450015	0.7590227444925733
Microti	Orygis_La3	0.8637855922084788	0.9468214007764908	0.9123004523346071	0.6028	0.7653502906580061
L8	Orygis_La3	1.235238968890223	0.9468214007764908	1.304616655133904	0.6088261783248273	0.7653502906580061
Caprae_La2	Microti	0.9490658804289023	0.8637855922084788	1.0987285374862337	0.602	0.7653502906580061
Dassie	L8	1.7274770542374547	1.235238968890223	1.3984962406015038	0.6190333233263284	0.7653502906580061
Bovis	L2	0.9255803806596564	0.9771747535055546	0.9472004647471637	0.614	0.7653502906580061
Caprae_La2	L8	0.9490658804289023	1.235238968890223	0.7683257283257283	0.6256379465625939	0.7665473939866015
Pinnipedii	Suricattae	1.6146337950493628	2.038144298668868	0.7922077922077921	0.6395136778115501	0.7765523230568823
L2	L8	0.9771747535055546	1.235238968890223	0.7910815462561699	0.6640648453917742	0.7922177102919412
L6	Suricattae	1.7669681453939998	2.038144298668868	0.8669494826975814	0.6609929078014184	0.7922177102919412
L3	L8	1.5522304106619842	1.235238968890223	1.256623576291927	0.6718703092164515	0.7945596700298905
Bovis	Microti	0.9255803806596564	0.8637855922084788	1.0715394989318867	0.69	0.8089655172413792
L8	Pinnipedii	1.235238968890223	1.6146337950493628	0.7650273224043717	0.7048934253977784	0.8193632978982723
Dassie	L3	1.7274770542374547	1.5522304106619842	1.1128998906165821	0.723191020244538	0.8335082945191286
Dassie	Suricattae	1.7274770542374547	2.038144298668868	0.8475734791524265	0.7375886524822695	0.8429584599797365
La4	Microti	0.8085769588907032	0.8637855922084788	0.9360852579439057	0.7512038523274478	0.8513643659711075
L2	Orygis_La3	0.9771747535055546	0.9468214007764908	1.032058160814881	0.7612	0.8555636363636364
L1	L9	2.052818915122267	2.1157640242741023	0.970249466183531	0.7796	0.8636690448537138
L6	Pinnipedii	1.7669681453939998	1.6146337950493628	1.0943460683231765	0.7811124449779911	0.8636690448537138
Bovis	Caprae_La2	0.9255803806596564	0.9490658804289023	0.9752540890431839	0.8356	0.9019174603174603
Caprae_La2	L2	0.9490658804289023	0.9771747535055546	0.9712345484000549	0.8344	0.9019174603174603
Bovis	Orygis_La3	0.9255803806596564	0.9468214007764908	0.9775659695699584	0.826	0.9019174603174603
Dassie	Pinnipedii	1.7274770542374547	1.6146337950493628	1.0698878343399483	0.8819402685909	0.9444399726642709
Dassie	L5	1.7274770542374547	1.654450058441065	1.0441397402259458	0.8939667267989577	0.9498396472238926
L3	Pinnipedii	1.5522304106619842	1.6146337950493628	0.9613513698408185	0.9019607843137255	0.9509043927648579
L5	Pinnipedii	1.654450058441065	1.6146337950493628	1.0246596246862807	0.9295718287314926	0.9528715213431357
L4	L8	1.3017000365462965	1.235238968890223	1.0538042187219727	0.9120384268988292	0.9528715213431357
L7	L8	1.1756799425870612	1.235238968890223	0.9517833975423626	0.9318522966076254	0.9528715213431357
L9	Suricattae	2.1157640242741023	2.038144298668868	1.03808352806812	0.9191489361702128	0.9528715213431357
Dassie	L6	1.7274770542374547	1.7669681453939998	0.9776503661033802	0.9504910803768291	0.9646775144123042
Caprae_La2	Orygis_La3	0.9490658804289023	0.9468214007764908	1.0023705417416324	0.9704	0.9775881481481482
L1	Suricattae	2.052818915122267	2.038144298668868	1.00719998896201	0.9803444782168187	0.9803444782168187
