n_pool	canal	categorie	n_avant	rho13_median	rho_humaines_median	frac_qBH05	frac_signe_concordant	p13	p_humaines	ecart_groupe
40	C>A@C.G	perte_amincie	660	0.6685013201750863	0.07142857142857144	0.382	0.568			
40	C>T@A.G	perte_amincie	1256	0.6593406593406593	0.5952380952380953	0.352	0.978			
40	C>A@G.G	perte_amincie	647	-0.5879120879120878	-0.4761904761904762	0.252	0.97			
40	C>T@G.G	perte_amincie	2127	-0.5549450549450549	-0.3333333333333334	0.224	0.804			
40	C>T@C.T	perte_amincie	645	0.5384615384615384	0.2142857142857143	0.2	0.718			
40	C>T@A.C	perte_amincie	964	0.5659340659340659	0.2142857142857143	0.18	0.694			
40	C>T@G.A	perte_amincie	986	-0.20329670329670327	0.13095238095238096	0.02	0.53			
40	C>T@G.T	perte_amincie	810	-0.20604395604395603	-0.3571428571428572	0.016	0.83			
40	C>T@C.G	perte_amincie	2320	-0.013736263736263736	0.059523809523809534	0.014	0.71			
40	C>A@A.G	perte_amincie	331	-0.2967032967032967	-0.023809523809523815	0.012	0.594			
40	C>T@A.A	perte_amincie	661	0.08241758241758242	-0.023809523809523815	0.008	0.6			
40	C>T@G.C	perte_amincie	1551	-0.3021978021978022	-0.6190476190476191	0.008	0.888			
40	C>T@C.C	perte_amincie	854	-0.12637362637362637	-0.2380952380952381	0.004	0.714			
40	C>T@C.A	perte_amincie	1143	-0.1401098901098901	0.261904761904762	0.002	0.44			
40	C>T@T.A	perte_amincie	569	-0.08241758241758242	0.0	0.002	0.618			
40	C>A@A.C	perte_amincie	298	-0.06593406593406594	0.7857142857142858	0.0	0.32			
40	C>T@T.C	perte_amincie	531	-0.10164835164835165	-0.5000000000000001	0.0	0.664			
40	C>T@T.G	perte_amincie	1394	0.1675824175824176	0.5000000000000001	0.0	0.766			
40	T>C@A.C	gain_observe	530	-0.04395604395604395	0.2380952380952381			0.8866190227890784	0.5701563208157683	0.009564566977294436
40	T>C@A.G	gain_observe	479	0.1868131868131868	-0.1666666666666667			0.5411235235098939	0.693238811728395	-0.016625335633845953
40	T>C@C.G	gain_observe	435	0.33516483516483514	0.0			0.26294314035936023	1.0	-0.016246813100847995
40	T>C@G.A	gain_observe	300	0.7142857142857143	0.30952380952380953			0.006088305245824156	0.4556448907375822	-0.0202416658034928
40	T>C@G.C	gain_observe	799	-0.8461538461538461	-0.4761904761904762			0.00026601205575225306	0.23293553465009798	0.07577919823513268
40	T>C@G.G	gain_observe	955	0.2967032967032967	-0.6904761904761906			0.3249215884859749	0.057990318164572716	-0.03180028406921703
40	T>C@G.T	gain_observe	423	-0.11538461538461539	0.7142857142857144			0.7073898735142603	0.046528232284167255	0.01789671627740544
40	T>C@T.C	gain_observe	215	-0.39010989010989006	0.261904761904762			0.18757411613383787	0.530922861565801	0.011437125531426229
40	T>C@T.G	gain_observe	310	0.43956043956043955	-0.523809523809524			0.13286024415692985	0.1827207505397148	-0.01714000064497543
40	T>G@C.C	gain_observe	342	-0.0879120879120879	-0.2380952380952381			0.775195408889122	0.5701563208157683	0.014318347115297031
40	T>G@G.C	gain_observe	416	-0.2692307692307692	0.14285714285714288			0.3737330422818916	0.735764859879812	0.04754777922681447
80	C>T@A.G	perte_amincie	2067	0.7197802197802198	0.5952380952380953	0.504	0.966			
80	C>A@C.G	perte_amincie	994	0.6923076923076923	0.2380952380952381	0.454	0.726			
80	C>T@A.C	perte_amincie	1491	0.6318681318681317	0.4523809523809524	0.282	0.852			
80	C>T@C.T	perte_amincie	994	0.5989010989010989	0.14285714285714288	0.274	0.632			
80	C>A@G.G	perte_amincie	977	-0.5741758241758241	-0.11904761904761905	0.238	0.582			
80	C>T@G.G	perte_amincie	3405	-0.5549450549450549	-0.4285714285714286	0.214	0.866			
80	C>T@G.A	perte_amincie	1546	-0.23626373626373626	0.2380952380952381	0.034	0.436			
80	C>T@G.C	perte_amincie	2493	-0.35714285714285715	-0.6904761904761906	0.028	0.94			
80	C>T@G.T	perte_amincie	1247	-0.21428571428571427	-0.523809523809524	0.014	0.782			
80	C>T@A.A	perte_amincie	1026	0.03296703296703297	0.10151222940514427	0.012	0.642			
80	C>T@T.C	perte_amincie	843	-0.16483516483516483	-0.523809523809524	0.004	0.724			
80	C>T@C.G	perte_amincie	3714	0.07692307692307691	0.261904761904762	0.004	0.698			
80	C>A@A.G	perte_amincie	526	-0.23076923076923078	0.2142857142857143	0.002	0.464			
80	C>T@T.G	perte_amincie	2137	-0.021978021978021976	0.5476190476190477	0.002	0.524			
80	C>T@C.A	perte_amincie	1831	-0.12087912087912088	0.11904761904761905	0.002	0.594			
80	C>T@C.C	perte_amincie	1403	-0.18131868131868134	-0.30952380952380953	0.002	0.802			
80	C>A@A.C	perte_amincie	479	0.03846153846153846	0.6428571428571429	0.0	0.588			
80	C>A@G.A	perte_amincie	437	0.1758241758241758	-0.261904761904762	0.0	0.306			
80	C>T@T.A	perte_amincie	897	-0.09890109890109891	0.023809523809523815	0.0	0.658			
80	T>C@A.C	gain_observe	883	-0.11538461538461539	0.14285714285714288			0.7073898735142603	0.735764859879812	0.004168606441655273
80	T>C@A.G	gain_observe	805	0.23076923076923078	0.0			0.4481273823153657	1.0	-0.020937440041595076
80	T>C@C.G	gain_observe	665	0.3736263736263736	-0.023809523809523815			0.20855405979520916	0.9553740118158806	-0.01748597031342025
80	T>C@G.A	gain_observe	453	0.6813186813186813	0.28571428571428575			0.010340409451492902	0.49272624501695717	-0.021889309076703382
80	T>C@G.C	gain_observe	1286	-0.8131868131868131	-0.5952380952380953			0.0007236077236996981	0.11952980613879269	0.07181289165911572
80	T>C@G.G	gain_observe	1439	0.3626373626373627	-0.7857142857142858			0.22331572029248178	0.020815127253525273	-0.03729286755967878
80	T>C@G.T	gain_observe	635	-0.23076923076923078	0.4285714285714286			0.4481273823153657	0.2894032248467901	0.022165530437137287
80	T>C@T.C	gain_observe	349	-0.5384615384615384	-0.3333333333333334			0.05763443347046609	0.4197530864197532	0.01604413138762311
80	T>C@T.G	gain_observe	487	0.42857142857142855	-0.023809523809523815			0.14397143468783608	0.9553740118158806	-0.008153814877719393
80	T>G@C.C	gain_observe	522	-0.07692307692307691	-0.07142857142857144			0.8027630076692551	0.8665262706759088	0.0043028504316242056
80	T>G@G.C	gain_observe	594	-0.4450549450549451	-0.11904761904761905			0.12752383613843685	0.7788857260523796	0.05735321668150403
