categorie	lignee	part	n	chi2	p_perm
pertes G:C (C>T vs C>A)	Suricattae	0.5641025641025641	78	164.10563267482428	0.0001999600079984003
pertes G:C (C>T vs C>A)	Dassie	0.5978260869565217	92	164.10563267482428	0.0001999600079984003
pertes G:C (C>T vs C>A)	L8	0.7	10	164.10563267482428	0.0001999600079984003
pertes G:C (C>T vs C>A)	Microti	0.7212230215827338	556	164.10563267482428	0.0001999600079984003
pertes G:C (C>T vs C>A)	L7	0.7340553549939831	831	164.10563267482428	0.0001999600079984003
pertes G:C (C>T vs C>A)	L6	0.7735259664193674	2561	164.10563267482428	0.0001999600079984003
pertes G:C (C>T vs C>A)	L3	0.7929210740439382	2458	164.10563267482428	0.0001999600079984003
pertes G:C (C>T vs C>A)	L5	0.7983638113570741	2078	164.10563267482428	0.0001999600079984003
pertes G:C (C>T vs C>A)	L2	0.7990264255910987	1438	164.10563267482428	0.0001999600079984003
pertes G:C (C>T vs C>A)	L1	0.8021330339601459	3563	164.10563267482428	0.0001999600079984003
pertes G:C (C>T vs C>A)	L9	0.8074380165289257	1210	164.10563267482428	0.0001999600079984003
pertes G:C (C>T vs C>A)	L4	0.8112998522895125	2708	164.10563267482428	0.0001999600079984003
pertes G:C (C>T vs C>A)	Orygis_La3	0.8175787728026535	1206	164.10563267482428	0.0001999600079984003
pertes G:C (C>T vs C>A)	La4	0.8473520249221184	321	164.10563267482428	0.0001999600079984003
pertes G:C (C>T vs C>A)	Pinnipedii	0.8571428571428571	84	164.10563267482428	0.0001999600079984003
pertes G:C (C>T vs C>A)	Caprae_La2	0.8580508474576272	472	164.10563267482428	0.0001999600079984003
pertes G:C (C>T vs C>A)	Bovis	0.8783783783783784	962	164.10563267482428	0.0001999600079984003
gains G:C (T>C vs T>G)	L7	0.496	375	164.41906115923558	0.0001999600079984003
gains G:C (T>C vs T>G)	L8	0.5	4	164.41906115923558	0.0001999600079984003
gains G:C (T>C vs T>G)	L4	0.6125226860254084	1102	164.41906115923558	0.0001999600079984003
gains G:C (T>C vs T>G)	L3	0.6392857142857142	840	164.41906115923558	0.0001999600079984003
gains G:C (T>C vs T>G)	L5	0.6521084337349398	664	164.41906115923558	0.0001999600079984003
gains G:C (T>C vs T>G)	L2	0.676923076923077	780	164.41906115923558	0.0001999600079984003
gains G:C (T>C vs T>G)	Microti	0.7014492753623188	345	164.41906115923558	0.0001999600079984003
gains G:C (T>C vs T>G)	L9	0.7029702970297029	303	164.41906115923558	0.0001999600079984003
gains G:C (T>C vs T>G)	Orygis_La3	0.7085798816568047	676	164.41906115923558	0.0001999600079984003
gains G:C (T>C vs T>G)	L1	0.7236126224156693	919	164.41906115923558	0.0001999600079984003
gains G:C (T>C vs T>G)	L6	0.7356770833333334	768	164.41906115923558	0.0001999600079984003
gains G:C (T>C vs T>G)	Dassie	0.75	28	164.41906115923558	0.0001999600079984003
gains G:C (T>C vs T>G)	Pinnipedii	0.75	28	164.41906115923558	0.0001999600079984003
gains G:C (T>C vs T>G)	Bovis	0.7713248638838476	551	164.41906115923558	0.0001999600079984003
gains G:C (T>C vs T>G)	La4	0.7772511848341233	211	164.41906115923558	0.0001999600079984003
gains G:C (T>C vs T>G)	Caprae_La2	0.7992424242424242	264	164.41906115923558	0.0001999600079984003
gains G:C (T>C vs T>G)	Suricattae	0.8	20	164.41906115923558	0.0001999600079984003
